<?xml version="1.0" encoding="UTF-8"?>
<ejb-jar version="3.1" xmlns="http://java.sun.com/xml/ns/javaee" xmlns:xsi="http://www.w3.org/2001/XMLSchema-instance" xsi:schemaLocation="http://java.sun.com/xml/ns/javaee http://java.sun.com/xml/ns/javaee/ejb-jar_3_1.xsd">
  <display-name>SessionFacadeService</display-name> 
	<enterprise-beans>
		<session>
			<ejb-name>SessionFacadeBean</ejb-name>
			<ejb-class>com.ejb.SessionFacadeBean</ejb-class>
			<session-type>Stateless</session-type>
		</session>
	</enterprise-beans>
 </ejb-jar>