<weblogic-ejb-jar xmlns="http://xmlns.oracle.com/weblogic/weblogic-ejb-jar"
  xmlns:xsi="http://www.w3.org/2001/XMLSchema-instance"
  xsi:schemaLocation="http://xmlns.oracle.com/weblogic/weblogic-ejb-jar
http://xmlns.oracle.com/weblogic/weblogic-ejb-jar/1.1/weblogic-ejb-jar.xsd">
   <weblogic-enterprise-bean>
    <ejb-name>SessionFacadeBean</ejb-name>
    <stateless-session-descriptor>
		<pool>
			<max-beans-in-free-pool>10</max-beans-in-free-pool>
			<initial-beans-in-free-pool>3</initial-beans-in-free-pool>
		</pool>
		<business-interface-jndi-name-map>
			<business-remote>com.bfsi.sessionfacade.SessionFacadeRemote</business-remote>
			<jndi-name>SessionFacadeService</jndi-name>
		</business-interface-jndi-name-map>
     </stateless-session-descriptor>
   </weblogic-enterprise-bean>
</weblogic-ejb-jar>
